,State,October2019,November2019,December2019,January2020,February2020,March2020,April2020,May2020,June2020,July2020,August2020,September2020,October2020,November2020,December2020,January2021,February2021,March2021,April2021,May2021,June2021,July2021,August2021,September2021,October2021,November2021,December2021,January2022,February2022,March2022,April2022,May2022,June2022,July2022,August2022,September2022
0,Alabama,3.0,3.1,3.2,3.3,3.4,3.6,13.7,10.4,8.7,7.7,6.6,6.1,5.3,4.8,4.4,4.0,3.8,3.7,3.6,3.6,3.5,3.4,3.3,3.2,3.1,3.1,3.1,3.1,3.0,2.9,2.8,2.7,2.6,2.6,2.6,2.6
1,Alaska,5.3,5.2,5.2,5.2,5.2,5.2,11.9,11.9,11.3,11.2,7.8,7.7,7.3,7.2,7.3,7.1,7.0,7.0,7.0,6.8,6.8,6.5,6.3,5.9,5.7,5.5,5.5,5.6,5.3,4.9,4.8,4.6,4.6,4.5,4.6,4.4
2,Arizona,4.8,4.9,4.9,5.0,5.0,5.1,13.9,11.0,9.5,8.6,7.6,7.2,6.7,6.5,6.3,6.1,6.0,5.8,5.6,5.4,5.2,4.9,4.5,4.2,3.9,3.9,3.9,3.7,3.6,3.3,3.2,3.2,3.3,3.3,3.5,3.7
3,Arkansas,3.5,3.5,3.5,3.5,3.6,4.9,10.0,8.7,7.6,7.1,6.2,5.8,5.4,5.2,5.0,4.9,4.8,4.6,4.5,4.4,4.2,4.0,3.8,3.5,3.4,3.3,3.3,3.2,3.1,3.1,3.2,3.2,3.2,3.3,3.4,3.5
4,California,4.1,4.1,4.1,4.1,4.1,5.5,15.9,16.1,14.1,13.4,11.9,10.3,9.5,9.2,9.2,8.8,8.6,8.4,8.3,7.9,7.9,7.4,7.0,6.4,6.1,5.8,5.8,5.7,5.3,4.8,4.6,4.3,4.2,3.9,4.1,3.8
5,Colorado,2.5,2.6,2.6,2.7,2.8,4.8,11.6,11.8,11.0,6.6,6.2,6.4,6.1,6.2,6.4,6.2,6.2,6.1,6.1,5.8,5.9,5.6,5.3,4.7,4.5,4.3,4.2,4.2,4.0,3.7,3.6,3.5,3.4,3.3,3.4,3.4
6,Connecticut,3.5,3.5,3.5,3.4,3.4,3.4,8.0,11.4,11.1,11.2,9.5,8.9,8.1,7.8,7.7,7.3,7.2,7.0,7.0,6.7,6.7,6.3,6.1,5.6,5.4,5.2,5.1,5.3,4.9,4.6,4.4,4.2,4.0,3.7,4.1,4.0
7,Delaware,3.8,3.7,3.7,3.7,3.7,5.0,13.1,13.3,12.7,7.7,7.5,7.6,5.3,5.4,5.6,5.7,5.7,5.8,5.8,5.7,5.7,5.5,5.3,5.0,4.9,4.8,4.8,4.8,4.6,4.5,4.5,4.5,4.5,4.4,4.5,4.3
8,District of Columbia,4.9,5.0,5.1,5.3,5.4,5.5,11.1,9.0,8.8,9.0,8.8,8.7,8.2,7.8,7.5,6.9,6.7,6.6,6.8,6.9,7.2,7.1,6.9,6.5,6.3,6.1,6.1,6.3,6.1,6.0,5.8,5.7,5.5,5.2,5.1,4.7
9,Florida,3.0,2.9,2.9,2.8,2.7,4.5,13.2,13.9,11.6,12.5,8.9,8.7,7.2,6.7,6.5,6.0,5.6,5.4,5.1,4.9,4.8,4.5,4.3,3.9,3.7,3.5,3.5,3.5,3.3,3.2,3.0,2.9,2.8,2.7,2.7,2.5
10,Georgia,3.5,3.4,3.5,3.5,3.6,3.7,12.3,9.6,8.4,7.7,6.9,6.4,5.6,5.3,5.1,4.8,4.6,4.4,4.3,4.1,4.0,3.9,3.7,3.5,3.4,3.3,3.3,3.2,3.2,3.1,3.1,3.0,2.9,2.8,2.8,2.8
11,Hawaii,1.9,1.9,2.0,2.1,2.2,2.2,22.4,20.9,17.7,16.2,13.9,14.2,12.1,10.8,9.8,8.3,7.3,6.6,6.3,5.9,5.9,5.5,5.3,4.8,4.7,4.4,4.3,4.3,4.2,4.1,4.1,4.1,4.2,4.0,4.0,3.5
12,Idaho,3.0,3.0,3.0,3.0,3.0,2.8,11.8,8.9,7.3,6.3,5.3,4.8,4.3,4.2,4.2,4.0,4.0,3.9,3.8,3.7,3.7,3.6,3.5,3.4,3.2,3.2,3.1,3.0,2.8,2.7,2.6,2.5,2.5,2.6,2.7,2.8
13,Illinois,3.7,3.6,3.6,3.7,3.8,4.9,17.4,14.5,12.7,11.5,9.8,9.0,8.1,7.7,7.5,7.1,6.9,6.7,6.6,6.5,6.5,6.2,6.0,5.5,5.3,5.1,5.1,5.0,4.8,4.7,4.6,4.6,4.5,4.4,4.5,4.5
14,Indiana,3.3,3.3,3.3,3.4,3.4,3.5,16.8,12.3,10.2,8.8,7.2,6.3,5.5,5.1,4.8,4.5,4.3,4.2,4.1,4.0,3.9,3.7,3.4,3.1,2.8,2.7,2.7,2.4,2.3,2.2,2.2,2.2,2.4,2.6,2.8,2.8
15,Iowa,2.7,2.7,2.6,2.6,2.6,2.6,10.5,8.0,6.5,5.8,5.1,4.8,4.5,4.5,4.5,4.4,4.4,4.4,4.5,4.5,4.5,4.4,4.3,4.1,4.0,3.9,3.9,3.7,3.5,3.3,3.0,2.7,2.6,2.5,2.6,2.7
16,Kansas,3.1,3.1,3.1,3.1,3.1,3.1,12.2,9.0,7.2,6.4,5.6,5.2,4.7,4.4,4.2,3.8,3.6,3.5,3.5,3.4,3.5,3.4,3.2,3.0,2.9,2.8,2.8,2.6,2.5,2.4,2.4,2.3,2.4,2.4,2.5,2.6
17,Kentucky,4.0,4.0,4.0,4.0,4.1,4.1,16.5,12.6,5.1,5.7,5.2,5.1,4.9,4.9,4.9,4.8,4.7,4.7,4.7,4.7,4.8,4.8,4.8,4.7,4.6,4.6,4.6,4.4,4.2,4.0,3.9,3.8,3.7,3.7,3.8,3.8
18,Louisiana,4.8,4.9,5.1,5.2,5.2,6.8,13.5,12.3,11.0,10.5,9.4,8.9,8.0,7.4,7.0,6.5,6.3,6.1,6.1,5.9,5.8,5.5,5.2,4.8,4.6,4.5,4.4,4.3,4.3,4.2,4.1,4.0,3.8,3.7,3.5,3.4
19,Maine,2.9,2.9,2.9,2.9,2.8,2.7,9.1,9.2,6.6,6.3,4.6,4.4,4.1,4.1,4.4,4.4,4.6,4.8,5.0,4.9,5.0,4.9,4.8,4.5,4.4,4.2,4.1,4.1,4.0,3.6,3.3,3.2,3.0,2.8,3.1,3.3
20,Maryland,3.7,3.7,3.8,4.0,4.2,4.2,9.5,9.5,8.6,8.1,7.2,6.8,6.2,6.1,6.3,5.9,5.7,5.7,5.7,5.7,6.1,6.1,6.2,5.8,5.7,5.4,5.4,5.4,5.0,4.6,4.2,4.0,4.0,3.9,4.3,4.0
21,Massachusetts,3.0,3.0,3.0,3.0,2.9,2.9,17.1,15.5,14.4,12.7,10.6,9.9,8.6,8.1,7.7,7.1,6.7,6.4,6.3,5.9,6.0,5.7,5.5,5.1,5.0,4.8,4.6,4.8,4.7,4.3,4.1,3.9,3.7,3.5,3.6,3.4
22,Michigan,4.0,3.9,3.8,3.8,3.8,3.8,22.7,19.2,14.6,12.6,9.9,8.7,7.5,7.1,7.0,6.4,6.3,6.2,6.2,6.2,6.3,6.2,6.0,5.7,5.4,5.2,5.1,4.9,4.7,4.4,4.3,4.3,4.3,4.2,4.1,4.1
23,Minnesota,3.6,3.6,3.7,3.8,3.9,4.0,9.0,10.8,8.7,7.9,6.9,6.2,5.5,5.0,4.6,4.2,3.9,3.7,3.5,3.4,3.4,3.3,3.3,3.2,3.1,3.1,3.0,2.9,2.7,2.5,2.2,2.0,1.8,1.8,1.9,2.0
24,Mississippi,5.5,5.5,5.5,5.5,5.7,5.8,15.4,11.0,9.2,8.2,7.4,7.1,6.8,6.8,6.7,6.6,6.5,6.4,6.2,6.0,5.8,5.6,5.3,5.0,4.7,4.7,4.7,4.6,4.5,4.2,4.1,3.9,3.8,3.6,3.6,3.6
25,Missouri,3.2,3.3,3.3,3.3,3.3,3.5,11.2,9.2,7.7,7.0,6.4,6.0,5.5,5.3,5.1,5.0,4.9,4.8,4.7,4.5,4.4,4.3,4.1,4.0,4.0,3.9,3.9,3.8,3.7,3.6,3.4,3.1,2.8,2.5,2.5,2.4
26,Montana,3.6,3.7,3.7,3.7,3.7,3.6,12.2,9.1,7.4,6.5,5.4,5.0,4.5,4.2,4.0,3.8,3.7,3.6,3.6,3.6,3.6,3.5,3.4,3.2,3.0,2.9,2.9,2.7,2.6,2.3,2.3,2.4,2.6,2.7,2.8,2.9
27,Nebraska,3.2,3.1,3.1,3.0,3.0,4.3,8.2,6.3,5.1,4.4,3.7,3.3,2.9,2.8,2.8,2.7,2.7,2.6,2.6,2.5,2.5,2.5,2.5,2.5,2.4,2.4,2.3,2.2,2.1,2.0,1.9,1.9,1.9,2.0,2.1,2.2
28,Nevada,3.9,3.9,3.8,3.8,4.0,8.0,28.5,23.4,18.5,16.8,14.7,13.6,12.1,11.2,10.8,10.2,9.8,9.2,8.6,7.8,7.2,6.6,6.0,5.6,5.4,5.3,5.3,5.2,5.1,5.0,5.0,4.9,4.7,4.4,4.4,4.4
29,New Hampshire,2.7,2.7,2.7,2.7,2.7,2.6,16.2,11.8,9.7,8.3,6.8,6.1,5.2,4.8,4.5,4.2,4.0,3.9,3.8,3.7,3.6,3.5,3.4,3.2,3.1,3.0,3.0,2.9,2.7,2.4,2.3,2.1,2.0,2.0,2.0,2.2
30,New Jersey,3.5,3.6,3.6,3.5,3.5,3.3,15.5,15.8,14.5,14.3,12.8,8.3,7.5,7.5,7.4,7.3,7.2,6.9,7.0,6.6,7.1,6.6,6.5,5.8,5.5,5.1,5.1,5.1,4.6,4.2,4.1,3.9,3.9,3.7,4.0,3.3
31,New Mexico,4.8,4.9,5.1,5.2,5.4,6.1,9.5,9.8,9.5,9.6,9.3,8.8,8.4,8.0,7.9,7.4,7.3,7.2,7.3,7.2,7.3,7.0,6.8,6.2,6.1,6.0,5.9,5.9,5.6,5.3,5.3,5.1,4.9,4.5,4.4,4.2
32,New York,3.9,3.9,3.9,3.9,3.9,3.9,16.2,16.5,13.7,12.7,11.0,10.3,9.3,9.1,8.8,8.6,8.4,7.9,7.8,7.4,7.4,6.9,6.6,6.0,5.7,5.4,5.4,5.3,4.9,4.6,4.5,4.4,4.4,4.3,4.7,4.3
33,North Carolina,3.9,3.8,3.8,3.7,3.7,3.9,14.2,11.5,9.6,8.6,7.2,6.5,5.8,5.6,5.6,5.5,5.4,5.2,5.1,5.0,5.0,4.9,4.8,4.5,4.4,4.2,4.1,3.9,3.7,3.5,3.4,3.4,3.4,3.4,3.5,3.6
34,North Dakota,2.1,2.0,2.0,2.1,2.2,2.5,8.3,7.0,6.4,6.2,5.8,5.6,5.3,5.1,5.0,4.7,4.5,4.3,4.0,3.8,3.6,3.4,3.3,3.2,3.2,3.1,3.1,3.1,2.9,2.9,2.8,2.6,2.5,2.3,2.3,2.2
35,Ohio,4.3,4.3,4.4,4.5,4.6,4.8,16.4,12.7,11.0,9.9,8.4,7.6,6.8,6.5,6.2,6.0,5.8,5.7,5.6,5.4,5.3,5.1,4.9,4.7,4.5,4.5,4.5,4.3,4.2,4.1,4.0,3.9,3.9,3.9,4.0,4.0
36,Oklahoma,3.2,3.1,3.1,3.1,3.2,3.2,12.6,9.7,8.0,7.2,6.2,5.8,5.4,5.3,5.2,5.0,4.8,4.7,4.5,4.4,4.2,3.9,3.5,3.2,2.9,2.8,2.8,2.7,2.6,2.7,2.7,2.8,2.9,2.9,3.1,3.2
37,Oregon,3.5,3.4,3.4,3.4,3.4,3.5,13.3,12.2,10.5,9.5,8.1,7.5,6.8,6.6,6.6,6.4,6.2,6.1,5.9,5.6,5.4,5.1,4.9,4.5,4.4,4.2,4.2,4.2,4.0,3.8,3.7,3.5,3.5,3.5,3.7,3.8
38,Pennsylvania,4.6,4.6,4.7,4.8,5.0,5.2,16.5,13.1,11.5,10.6,9.5,8.9,8.3,8.0,7.7,7.5,7.3,7.1,6.9,6.7,6.6,6.4,6.1,5.8,5.6,5.5,5.5,5.4,5.1,4.9,4.8,4.6,4.5,4.3,4.2,4.1
40,Rhode Island,3.6,3.5,3.6,3.6,3.7,3.6,18.4,15.6,13.5,12.2,10.2,9.6,6.9,6.8,6.7,6.3,6.1,6.0,6.1,6.0,6.2,6.0,5.8,5.4,5.0,4.7,4.5,4.2,3.9,3.4,3.2,2.9,2.7,2.7,2.8,3.1
41,South Carolina,2.5,2.5,2.6,2.8,2.9,3.0,11.6,9.1,7.8,7.2,6.3,5.9,5.3,5.1,4.9,4.6,4.4,4.3,4.2,4.1,4.1,4.0,3.9,3.8,3.6,3.6,3.6,3.5,3.5,3.4,3.3,3.3,3.2,3.2,3.1,3.2
42,South Dakota,2.8,2.7,2.7,2.7,2.6,2.5,8.8,6.6,5.3,4.8,4.3,4.0,3.7,3.6,3.5,3.3,3.2,3.2,3.2,3.2,3.2,3.2,3.2,3.1,3.0,2.9,2.9,2.8,2.6,2.5,2.3,2.3,2.3,2.3,2.3,2.3
43,Tennessee,3.4,3.5,3.6,3.6,3.6,3.6,15.9,12.1,10.1,8.8,7.5,6.9,6.1,5.7,5.5,5.2,5.0,4.9,4.8,4.6,4.4,4.2,4.0,3.8,3.7,3.6,3.6,3.5,3.4,3.2,3.2,3.3,3.3,3.3,3.4,3.4
44,Texas,3.5,3.5,3.5,3.4,3.5,5.1,12.6,11.8,10.1,9.3,8.1,7.7,7.1,6.9,6.9,6.7,6.6,6.4,6.2,5.9,5.9,5.6,5.4,5.1,5.0,4.9,4.8,4.8,4.7,4.4,4.3,4.2,4.1,4.0,4.1,4.0
45,Utah,2.5,2.5,2.5,2.5,2.6,2.5,10.0,7.6,6.2,5.4,4.6,4.3,3.9,3.7,3.5,3.3,3.1,3.0,2.9,2.8,2.8,2.7,2.6,2.5,2.3,2.3,2.3,2.2,2.1,2.0,1.9,2.0,2.0,2.0,2.0,2.1
46,Vermont,2.6,2.6,2.6,2.5,2.6,2.7,14.3,9.5,7.6,6.4,5.1,4.5,4.0,3.8,3.8,3.9,3.9,3.8,3.7,3.6,3.5,3.3,3.2,3.2,3.1,3.1,3.1,3.0,2.9,2.6,2.5,2.3,2.2,2.1,2.1,2.1
47,Virginia,2.7,2.7,2.7,2.6,2.7,2.9,11.6,9.6,8.5,7.9,7.0,6.3,5.6,5.2,5.0,4.8,4.6,4.5,4.3,4.1,4.0,3.8,3.6,3.4,3.4,3.3,3.3,3.3,3.2,3.0,3.0,3.0,2.8,2.7,2.6,2.6
48,Washington,4.1,4.0,3.9,3.9,3.9,5.3,16.8,13.2,11.4,10.2,8.7,7.9,7.1,6.7,6.5,6.3,6.1,5.8,5.7,5.5,5.4,5.2,5.0,4.8,4.6,4.5,4.5,4.4,4.3,4.1,4.1,3.9,3.8,3.7,3.7,3.7
49,West Virginia,5.0,5.0,5.0,5.1,5.1,5.2,15.5,12.2,10.4,9.4,8.3,7.6,6.9,6.5,6.2,5.9,5.8,5.6,5.5,5.4,5.3,5.1,4.8,4.6,4.3,4.3,4.3,4.1,3.9,3.7,3.6,3.5,3.6,3.7,3.9,4.0
50,Wisconsin,3.3,3.2,3.2,3.1,3.0,2.9,14.1,10.4,8.6,7.6,6.2,5.7,5.0,4.8,4.7,4.5,4.4,4.3,4.3,4.1,4.0,3.8,3.6,3.4,3.2,3.1,3.1,3.0,2.9,2.8,2.8,2.9,2.9,3.0,3.1,3.2
51,Wyoming,4.1,4.2,4.4,4.7,4.9,5.2,5.4,8.6,7.2,6.6,5.9,5.6,5.3,5.2,5.1,5.1,5.0,5.0,4.8,4.7,4.6,4.5,4.3,4.2,4.0,4.0,4.0,3.8,3.6,3.4,3.3,3.2,3.1,3.0,3.1,3.3
